id,"result","description",request_id
1,"3.40","WBC",2671
2,"5.02","RBC",2671
3,"13.8","HGB",2671
4,"0.440","PCV",2671
5,"87.3","MCV",2671
6,"27.4","MCH",2671
7,"31.8","MCHC",2671
8,"14.4","RDW",2671
9,"271","PLT",2671
10,"10.1","MPV",2671
11,"0.3%","NRBC",2671
12,"5.2","HYPO",2671
13,"3.17","NEUT",2671
14,"2.12","LYM",2671
15,"0.37","MON",2671
16,"0.09","EOS",2671
17,"0.05","BASO",2671
18,"5.80","WBC",2672
19,"5.42","RBC",2672
20,"14.8","HGB",2672
21,"0.450","PCV",2672
22,"87.2","MCV",2672
23,"27.6","MCH",2672
24,"31.4","MCHC",2672
25,"13.4","RDW",2672
26,"244","PLT",2672
27,"10.9","MPV",2672
28,"0.2%","NRBC",2672
29,"5.3","HYPO",2672
30,"3.18","NEUT",2672
31,"2.42","LYM",2672
32,"0.33","MON",2672
33,"0.07","EOS",2672
34,"0.06","BASO",2672
35,"4.9","PGLU",2903
36,"4.3","PGLU",2904
37,"29","GLO",2937
38,"73","TP",2937
39,"44","ALB",2937
40,"15","BIL",2937
41,"71","ALP",2937
42,"16","AST",2937
43,"54","GGT",2937
44,"72","AMY",2938
45,"2.24","CCA",2939
46,"2.33","CAL",2939
47,"1.14","PHOS",2939
48,"43","ALB",2939
49,"71","ALP",2939
50,"5.0","CHOL",2940
51,"1.2","TRIG",2940
52,"1.4","HDL",2940
53,"3.1","LDL",2940
54,"3.6","THR",2940
55,"139","NA",2941
56,"4.4","POT",2941
57,"3.0","URE",2941
58,"70","CRE",2941
59,"80","EGFR",2941
60,"2.1","CRP",2942
61,"33","GLO",2943
62,"77","TP",2943
63,"42","ALB",2943
64,"23","BIL",2943
65,"71","ALP",2943
66,"12","AST",2943
67,"52","GGT",2943
68,"73","AMY",2944
69,"2.26","CCA",2945
70,"2.35","CAL",2945
71,"1.13","PHOS",2945
72,"45","ALB",2945
73,"71","ALP",2945
74,"5.2","CHOL",2946
75,"1.4","TRIG",2946
76,"1.3","HDL",2946
77,"3.5","LDL",2946
78,"3.3","THR",2946
79,"134","NA",2947
80,"4.2","POT",2947
81,"3.1","URE",2947
82,"70","CRE",2947
83,"89","EGFR",2947
84,"2.2","CRP",2948
85,"36","GLO",3443
86,"58","TP",3443
87,"48","ALB",3443
88,"16","BIL",3443
89,"71","ALP",3443
90,"17","AST",3443
91,"53","GGT",3443
92,"76","AMY",3444
93,"2.25","CCA",3445
94,"2.24","CAL",3445
95,"1.17","PHOS",3445
96,"40","ALB",3445
97,"71","ALP",3445
98,"9","FER",3446
99,"5.3","CHOL",3447
100,"1.2","TRIG",3447
101,"1.2","HDL",3447
102,"3.3","LDL",3447
103,"3.7","THR",3447
104,"754","B12",3448
105,"0.34","TSH",3449
106,"16.3","FT4",3449
107,"6.2","FOL",3450
108,"135","NA",3451
109,"4.8","POT",3451
110,"3.4","URE",3451
111,"77","CRE",3451
112,"94","EGFR",3451
113,"2.3","CRP",3452
114,"29","GLO",3453
115,"78","TP",3453
116,"45","ALB",3453
117,"22","BIL",3453
118,"71","ALP",3453
119,"13","AST",3453
120,"58","GGT",3453
121,"72","AMY",3454
122,"2.22","CCA",3455
123,"2.65","CAL",3455
124,"1.11","PHOS",3455
125,"47","ALB",3455
126,"71","ALP",3455
127,"8","FER",3456
128,"5.4","CHOL",3457
129,"1.6","TRIG",3457
130,"1.6","HDL",3457
131,"3.7","LDL",3457
132,"3.2","THR",3457
133,"722","B12",3458
134,"0.43","TSH",3459
135,"16.5","FT4",3459
136,"7.2","FOL",3460
137,"136","NA",3461
138,"4.5","POT",3461
139,"3.6","URE",3461
140,"79","CRE",3461
141,"77","EGFR",3461
142,"2.1","CRP",3462
143,"26","GLO",4367
144,"74","TP",4367
145,"48","ALB",4367
146,"18","BIL",4367
147,"71","ALP",4367
148,"15","AST",4367
149,"52","GGT",4367
150,"71","AMY",4368
151,"2.23","CCA",4369
152,"2.33","CAL",4369
153,"1.19","PHOS",4369
154,"42","ALB",4369
155,"71","ALP",4369
156,"10","FER",4370
157,"5.2","CHOL",4371
158,"1.8","TRIG",4371
159,"1.3","HDL",4371
160,"3.1","LDL",4371
161,"3.8","THR",4371
162,"745","B12",4372
163,"0.44","TSH",4373
164,"16.4","FT4",4373
165,"6.7","FOL",4374
166,"137","NA",4375
167,"4.3","POT",4375
168,"3.4","URE",4375
169,"75","CRE",4375
170,"86","EGFR",4375
171,"2.5","CRP",4376
172,"32","C125",4377
173,"29","GLO",4378
174,"70","TP",4378
175,"43","ALB",4378
176,"12","BIL",4378
177,"71","ALP",4378
178,"17","AST",4378
179,"59","GGT",4378
180,"74","AMY",4379
181,"2.24","CCA",4380
182,"2.42","CAL",4380
183,"1.17","PHOS",4380
184,"49","ALB",4380
185,"71","ALP",4380
186,"7","FER",4381
187,"5.6","CHOL",4382
188,"1.6","TRIG",4382
189,"1.1","HDL",4382
190,"3.4","LDL",4382
191,"3.6","THR",4382
192,"741","B12",4383
193,"0.36","TSH",4384
194,"17.3","FT4",4384
195,"6.4","FOL",4385
196,"139","NA",4386
197,"4.2","POT",4386
198,"3.3","URE",4386
199,"83","CRE",4386
200,"83","EGFR",4386
201,"2.3","CRP",4387
202,"44","C125",4388
203,"5.5","HBA",6793
204,"33","HBAI",6793
205,"5.1","HBA",6794
206,"36","HBAI",6794
